{
  "test_accuracy": 0.4166666666666667,
  "top_features": [
    23,
    24,
    31,
    26,
    19,
    27,
    20,
    33,
    16,
    21
  ],
  "top_importances": [
    0.0671020621554122,
    0.06521668509758019,
    0.06439718428927935,
    0.06377668702888156,
    0.06201264402275476,
    0.061196037304529056,
    0.058817059309998865,
    0.0587598008931759,
    0.058621159417284414,
    0.0584423926600737
  ],
  "evaluated_at": "2026-03-29 21:51:58"
}